legacy_release_id	label_count	rotation_rows	labels
768	2	2	[{"name":"ABB","company_ids":[1416],"rotation_rows":1},{"name":"CAPITOL","company_ids":[494],"rotation_rows":1}]
1608	2	2	[{"name":"BRONX SCIENCE","company_ids":[1624],"rotation_rows":1},{"name":"GIEGLING","company_ids":[5229],"rotation_rows":1}]
7392	2	2	[{"name":"ANTIGONOWHERE","company_ids":[1873],"rotation_rows":1},{"name":"TEMPEL","company_ids":[5450],"rotation_rows":1}]
8501	3	4	[{"name":"130701/FAT CAT","company_ids":[2639],"rotation_rows":2},{"name":"100% BREAKFAST","company_ids":[1100],"rotation_rows":1},{"name":"AUM FIDELITY","company_ids":[1046],"rotation_rows":1}]
9730	2	2	[{"name":"ROUNDER","company_ids":[283],"rotation_rows":1},{"name":"RYKODISC","company_ids":[285],"rotation_rows":1}]
9824	2	2	[{"name":"COPPER CREEK","company_ids":[712],"rotation_rows":1},{"name":"CROOKED","company_ids":[2026],"rotation_rows":1}]
13170	2	2	[{"name":"HEARTBEAT","company_ids":[399],"rotation_rows":1},{"name":"MOTION","company_ids":[1800],"rotation_rows":1}]
14116	2	3	[{"name":"PHILLY ARCHIVES","company_ids":[1912],"rotation_rows":2},{"name":"STAY FREE!","company_ids":[2777],"rotation_rows":1}]
16677	2	2	[{"name":"self-released","company_ids":[853],"rotation_rows":1},{"name":"THIS RECORD LABEL","company_ids":[1632],"rotation_rows":1}]
16736	2	2	[{"name":"WARP","company_ids":[733],"rotation_rows":1},{"name":"WARP/TOMMY BOY","company_ids":[1718],"rotation_rows":1}]
19307	2	2	[{"name":"WARM","company_ids":[1670],"rotation_rows":1},{"name":"WORDSOUND","company_ids":[666],"rotation_rows":1}]
21086	2	2	[{"name":"HEARTBEAT","company_ids":[399],"rotation_rows":1},{"name":"SOUL JAZZ","company_ids":[1936],"rotation_rows":1}]
22304	2	2	[{"name":"DEMONBEACH","company_ids":[1840],"rotation_rows":1},{"name":"self-released","company_ids":[853],"rotation_rows":1}]
29681	2	2	[{"name":"KUFALA","company_ids":[2905],"rotation_rows":1},{"name":"self-released","company_ids":[853],"rotation_rows":1}]
29752	2	2	[{"name":"K","company_ids":[373],"rotation_rows":1},{"name":"ROUNDER","company_ids":[283],"rotation_rows":1}]
30870	2	2	[{"name":"ALIVE","company_ids":[110],"rotation_rows":1},{"name":"TRIAD","company_ids":[1507],"rotation_rows":1}]
32646	2	2	[{"name":"BAR/NONE","company_ids":[128],"rotation_rows":1},{"name":"M21","company_ids":[1802],"rotation_rows":1}]
36542	2	2	[{"name":"OLD GOLD","company_ids":[962],"rotation_rows":1},{"name":"STRCTR","company_ids":[5353],"rotation_rows":1}]
37025	2	2	[{"name":"SIX","company_ids":[2435],"rotation_rows":1},{"name":"SPACE FOUNDATION","company_ids":[2434],"rotation_rows":1}]
37867	2	2	[{"name":"MERGE","company_ids":[337],"rotation_rows":1},{"name":"self-released","company_ids":[853],"rotation_rows":1}]
38225	2	2	[{"name":"UNCLE HOWIE","company_ids":[2580],"rotation_rows":1},{"name":"VIPER","company_ids":[2621],"rotation_rows":1}]
38336	2	2	[{"name":"ACUARELA","company_ids":[1959],"rotation_rows":1},{"name":"BETTER LOOKING","company_ids":[1867],"rotation_rows":1}]
39962	2	2	[{"name":"GENTLE GIANT","company_ids":[242],"rotation_rows":1},{"name":"PUBLIC EYESORE","company_ids":[2250],"rotation_rows":1}]
40912	2	2	[{"name":"DEAD TEENAGER/WITCH DOCTOR","company_ids":[2544],"rotation_rows":1},{"name":"ENJA","company_ids":[1615],"rotation_rows":1}]
42353	2	2	[{"name":"5 RUE CHRISTINE","company_ids":[1125],"rotation_rows":1},{"name":"I AND EAR","company_ids":[2949],"rotation_rows":1}]
42738	2	2	[{"name":"Maitreya Apache Music","company_ids":[5992],"rotation_rows":1},{"name":"NORMAL/QDK MEDIA","company_ids":[1181],"rotation_rows":1}]
45722	2	2	[{"name":"Numero Group","company_ids":[7014],"rotation_rows":1},{"name":"PEEK-A-BOO","company_ids":[528],"rotation_rows":1}]
46045	2	2	[{"name":"Biophilia","company_ids":[7297],"rotation_rows":1},{"name":"BLUEBIRD/RCA","company_ids":[2399],"rotation_rows":1}]
46861	2	2	[{"name":"BC","company_ids":[2898],"rotation_rows":1},{"name":"self-released","company_ids":[853],"rotation_rows":1}]
49505	2	2	[{"name":"ALULA","company_ids":[845],"rotation_rows":1},{"name":"Analog Africa","company_ids":[6027],"rotation_rows":1}]
49719	2	2	[{"name":"TEQUILA SUNRISE","company_ids":[3090],"rotation_rows":1},{"name":"VHF","company_ids":[801],"rotation_rows":1}]
50118	2	2	[{"name":"BROKEN FADER CARTEL","company_ids":[2923],"rotation_rows":1},{"name":"MERCK","company_ids":[1824],"rotation_rows":1}]
50598	2	2	[{"name":"FALLOUT","company_ids":[3287],"rotation_rows":1},{"name":"FAR EASTERN SUNSHINE","company_ids":[4775],"rotation_rows":1}]
51107	2	2	[{"name":"DEAF, DUMB AND BLIND","company_ids":[3395],"rotation_rows":1},{"name":"DEAF, DUMB, AND BLIND","company_ids":[3394],"rotation_rows":1}]
52523	2	2	[{"name":"Lusafrica","company_ids":[6994],"rotation_rows":1},{"name":"TINDER","company_ids":[583],"rotation_rows":1}]
53537	4	4	[{"name":"(self-released)","company_ids":[2782],"rotation_rows":1},{"name":"ABSOLUTELY KOSHER","company_ids":[1487],"rotation_rows":1},{"name":"GRAVITATION","company_ids":[2349],"rotation_rows":1},{"name":"M","company_ids":[1248],"rotation_rows":1}]
54931	2	3	[{"name":"DUNYA/FELMAY","company_ids":[1519],"rotation_rows":2},{"name":"FELMAY","company_ids":[2117],"rotation_rows":1}]
55240	2	2	[{"name":"COLOR WHEEL","company_ids":[3592],"rotation_rows":1},{"name":"HOLIDAYS FOR QUINCE","company_ids":[3238],"rotation_rows":1}]
55242	2	2	[{"name":"B MUSIC/FINDERS KEEPERS","company_ids":[3605],"rotation_rows":1},{"name":"Finders Keepers","company_ids":[5971],"rotation_rows":1}]
55260	2	2	[{"name":"B MUSIC/FINDERS KEEPERS","company_ids":[3605],"rotation_rows":1},{"name":"Love International Recordings","company_ids":[7215],"rotation_rows":1}]
55438	2	2	[{"name":"482 MUSIC","company_ids":[1958],"rotation_rows":1},{"name":"JAGJAGUWAR","company_ids":[1217],"rotation_rows":1}]
55753	2	2	[{"name":"LOYAL LABEL","company_ids":[3698],"rotation_rows":1},{"name":"Nefarious Industries","company_ids":[5342],"rotation_rows":1}]
56113	2	2	[{"name":"ASPHODEL","company_ids":[502],"rotation_rows":1},{"name":"WARP","company_ids":[733],"rotation_rows":1}]
56368	2	2	[{"name":"ALIEN8","company_ids":[1546],"rotation_rows":1},{"name":"SOLEILMOON","company_ids":[251],"rotation_rows":1}]
56632	4	4	[{"name":"KELIPPAH","company_ids":[4132],"rotation_rows":1},{"name":"LOAD","company_ids":[539],"rotation_rows":1},{"name":"NEGATIVE JAZZ","company_ids":[4777],"rotation_rows":1},{"name":"Numero Group","company_ids":[6664],"rotation_rows":1}]
57094	2	2	[{"name":"PHILIPS/POLYGRAM","company_ids":[1555],"rotation_rows":1},{"name":"POLYGRAM","company_ids":[308],"rotation_rows":1}]
57685	2	2	[{"name":"ROB'S HOUSE","company_ids":[3434],"rotation_rows":1},{"name":"WANTAGE","company_ids":[530],"rotation_rows":1}]
58300	2	2	[{"name":"DISTORTIONS/WATERPIPE","company_ids":[1944],"rotation_rows":1},{"name":"POSITIVELY","company_ids":[2972],"rotation_rows":1}]
58513	2	2	[{"name":"FAMILY","company_ids":[2707],"rotation_rows":1},{"name":"LO","company_ids":[2014],"rotation_rows":1}]
59096	2	7	[{"name":"NORMAL/QDK MEDIA","company_ids":[1181],"rotation_rows":5},{"name":"QDK MEDIA","company_ids":[1665],"rotation_rows":2}]
61240	2	2	[{"name":"NOSMOKE","company_ids":[3927],"rotation_rows":1},{"name":"STICK IT TO THE MAN","company_ids":[1796],"rotation_rows":1}]
61255	2	2	[{"name":"B MUSIC/FINDERS KEEPERS","company_ids":[3605],"rotation_rows":1},{"name":"FINDERS KEEPERS","company_ids":[2878],"rotation_rows":1}]
61714	2	2	[{"name":"ALL DAY","company_ids":[4164],"rotation_rows":1},{"name":"OUTER BATTERY","company_ids":[4021],"rotation_rows":1}]
62222	2	2	[{"name":"DE STIJL","company_ids":[3123],"rotation_rows":1},{"name":"NOTENUF","company_ids":[2480],"rotation_rows":1}]
62904	2	2	[{"name":"4AD","company_ids":[3778],"rotation_rows":1},{"name":"Mr. Bongo","company_ids":[6542],"rotation_rows":1}]
63293	2	2	[{"name":"IN THE RED","company_ids":[960],"rotation_rows":1},{"name":"MUNSTER","company_ids":[2002],"rotation_rows":1}]
64111	2	2	[{"name":"(self-released)","company_ids":[4552],"rotation_rows":1},{"name":"HOT RELEASES","company_ids":[3508],"rotation_rows":1}]
64170	2	2	[{"name":"(self-released)","company_ids":[3853],"rotation_rows":1},{"name":"NIGHT SLUGS","company_ids":[3868],"rotation_rows":1}]
64359	2	2	[{"name":"NO BUSINESS","company_ids":[4018],"rotation_rows":1},{"name":"NOBUSINESS","company_ids":[4027],"rotation_rows":1}]
65234	2	3	[{"name":"HOT RELEASES","company_ids":[3508],"rotation_rows":2},{"name":"BLACKEST EVER BLACK","company_ids":[4291],"rotation_rows":1}]
65239	2	2	[{"name":"STONE'S THROW","company_ids":[1153],"rotation_rows":1},{"name":"STONES THROW","company_ids":[3777],"rotation_rows":1}]
65296	2	2	[{"name":"THIRD MAN","company_ids":[4518],"rotation_rows":1},{"name":"THIRD MAN RECORDS","company_ids":[4914],"rotation_rows":1}]
65862	2	2	[{"name":"DIAGONAL RECORDINGS","company_ids":[4735],"rotation_rows":1},{"name":"ORDINAL RECORDS","company_ids":[4622],"rotation_rows":1}]
66152	2	2	[{"name":"KIT","company_ids":[5151],"rotation_rows":1},{"name":"KITE","company_ids":[5097],"rotation_rows":1}]
66284	2	2	[{"name":"WASP VIDEO ROADHOUSE","company_ids":[4984],"rotation_rows":1},{"name":"WHARF CAT","company_ids":[4756],"rotation_rows":1}]
66400	2	2	[{"name":"WAAAW","company_ids":[5195],"rotation_rows":1},{"name":"WAAW","company_ids":[5183],"rotation_rows":1}]
66707	2	2	[{"name":"OOdiscs","company_ids":[620],"rotation_rows":1},{"name":"XI","company_ids":[1904],"rotation_rows":1}]
66909	2	2	[{"name":"COMMONS","company_ids":[5276],"rotation_rows":1},{"name":"MILAN","company_ids":[340],"rotation_rows":1}]
66994	2	2	[{"name":"DUG OUT","company_ids":[3872],"rotation_rows":1},{"name":"Wildflower","company_ids":[5280],"rotation_rows":1}]
67188	2	2	[{"name":"SUBLIMINAL SOUNDS","company_ids":[2585],"rotation_rows":1},{"name":"Subliminal Sounds/Gashud","company_ids":[5325],"rotation_rows":1}]
67229	2	2	[{"name":"ALIEN TRANSISTOR","company_ids":[3576],"rotation_rows":1},{"name":"Majikick Records","company_ids":[5340],"rotation_rows":1}]
67335	2	2	[{"name":"FAMOUS CLASS","company_ids":[3189],"rotation_rows":1},{"name":"OUT-SIDER","company_ids":[4718],"rotation_rows":1}]
67857	2	2	[{"name":"AMBIANCES MAGNETIQUES","company_ids":[3174],"rotation_rows":1},{"name":"Noton","company_ids":[5435],"rotation_rows":1}]
67909	2	2	[{"name":"(self-released)","company_ids":[4459],"rotation_rows":1},{"name":"Attenuation Circuit","company_ids":[5458],"rotation_rows":1}]
68136	2	2	[{"name":"W. 25TH/SUPERIOR VIADUCT","company_ids":[5528],"rotation_rows":1},{"name":"W.25TH","company_ids":[5712],"rotation_rows":1}]
68196	2	2	[{"name":"NEUROT","company_ids":[2197],"rotation_rows":1},{"name":"PRESTO!?","company_ids":[5545],"rotation_rows":1}]
68197	2	2	[{"name":"Royal Potato Family","company_ids":[5512],"rotation_rows":1},{"name":"THE ROYAL POTATO FAMILY","company_ids":[5540],"rotation_rows":1}]
68664	2	2	[{"name":"Intergalactic Mantra","company_ids":[5735],"rotation_rows":1},{"name":"INTERNATIONAL ANTHEM RECORDING COMPANY","company_ids":[4917],"rotation_rows":1}]
69151	2	2	[{"name":"Stone Woman Music","company_ids":[6187],"rotation_rows":1},{"name":"The Orchard","company_ids":[6186],"rotation_rows":1}]
69354	2	2	[{"name":"Far Out Recording","company_ids":[6258],"rotation_rows":1},{"name":"Far Out Recordings","company_ids":[6259],"rotation_rows":1}]
69785	2	2	[{"name":"Domino","company_ids":[6480],"rotation_rows":1},{"name":"RCA","company_ids":[6467],"rotation_rows":1}]
70837	2	2	[{"name":"Death Is Not The End","company_ids":[6819],"rotation_rows":1},{"name":"Soundway Records","company_ids":[6825],"rotation_rows":1}]
71431	2	3	[{"name":"SICKROOM","company_ids":[2347],"rotation_rows":2},{"name":"wherethetimegoes","company_ids":[7016],"rotation_rows":1}]
71682	3	3	[{"name":"Honest Jon's Records","company_ids":[7145],"rotation_rows":1},{"name":"NUMERO GROUP","company_ids":[2709],"rotation_rows":1},{"name":"TAL","company_ids":[7321],"rotation_rows":1}]
71854	2	2	[{"name":"TraTraTrax","company_ids":[7174],"rotation_rows":1},{"name":"TraTraTrax/Ambie--Ton","company_ids":[7206],"rotation_rows":1}]
71963	2	2	[{"name":"CHARM OF SOUND","company_ids":[1594],"rotation_rows":1},{"name":"Dear Life Records","company_ids":[7248],"rotation_rows":1}]
71977	2	2	[{"name":"Mr Bongo","company_ids":[7151],"rotation_rows":1},{"name":"Mr. Bongo","company_ids":[6713],"rotation_rows":1}]
